storepath,iteration,libraryid
/nix/store/9cdlx63v36vilycb54acczm437x9624l-ghc-7.10.1,1,text-1.2.0.4-287fea8100fd89d633753334774d997a
/nix/store/mg3nfdb8k7mgzmkbfwks13zw7abavhpq-ghc-7.10.1,2,text-1.2.0.4-287fea8100fd89d633753334774d997a
/nix/store/7h9lv0nih7hfpkk9s75xdw8psj1dmd12-ghc-7.10.1,3,text-1.2.0.4-287fea8100fd89d633753334774d997a
/nix/store/jsb1nap1ii48776352r75ymd164kg7l3-ghc-7.10.1,4,text-1.2.0.4-287fea8100fd89d633753334774d997a
/nix/store/rsj9lxpgzfr3s4g5spz8yc6msi8gh73h-ghc-7.10.1,5,text-1.2.0.4-287fea8100fd89d633753334774d997a
/nix/store/j93ixavk5f7567yl1pg9cgh40hpq6gwv-ghc-7.10.1,6,text-1.2.0.4-287fea8100fd89d633753334774d997a
/nix/store/pa0lf71mfi3hvvsyz6ah8qjl3580cvgc-ghc-7.10.1,7,text-1.2.0.4-287fea8100fd89d633753334774d997a
/nix/store/inzjkj7bnpsrhpan94zy8g3h0mvyn2k2-ghc-7.10.1,8,text-1.2.0.4-287fea8100fd89d633753334774d997a
/nix/store/2fzlabg02k2lfwpajq4lrxw2qnphl786-ghc-7.10.1,9,text-1.2.0.4-287fea8100fd89d633753334774d997a
/nix/store/pks3i3w990j14zdcdn6985d3ydwhdp5c-ghc-7.10.1,10,text-1.2.0.4-287fea8100fd89d633753334774d997a
/nix/store/nr4spgbf1n38dyqy3wzydx18n6gf3jry-ghc-7.10.1,11,text-1.2.0.4-287fea8100fd89d633753334774d997a
/nix/store/mm31cq1cpqicw69nckl90is9v320kngc-ghc-7.10.1,12,text-1.2.0.4-287fea8100fd89d633753334774d997a
/nix/store/ng35ryzy4zpkz52m4x7ylw6c2br3hq13-ghc-7.10.1,13,text-1.2.0.4-287fea8100fd89d633753334774d997a
/nix/store/cykd02p4sygn2w1wf58abddmiimil8xb-ghc-7.10.1,14,text-1.2.0.4-287fea8100fd89d633753334774d997a
/nix/store/29b6yi55imfh1ib5wlg7r525qazx3fdx-ghc-7.10.1,15,text-1.2.0.4-287fea8100fd89d633753334774d997a
/nix/store/0plbrblvq4ffnmkxb22bzalcyfhxqi2z-ghc-7.10.1,16,text-1.2.0.4-287fea8100fd89d633753334774d997a
/nix/store/z08anl0l36gjmhpw2m76176yi7qym8i2-ghc-7.10.1,17,text-1.2.0.4-287fea8100fd89d633753334774d997a
/nix/store/spj0s1vj4aba5ji7zicwhavzqz9k0jvf-ghc-7.10.1,18,text-1.2.0.4-287fea8100fd89d633753334774d997a
/nix/store/7vkm0bhniygabp60jdmxalwjy25zzgxm-ghc-7.10.1,19,text-1.2.0.4-287fea8100fd89d633753334774d997a
/nix/store/rq9x8r0sjhirq6v29avv38jy6n7c7d8h-ghc-7.10.1,20,text-1.2.0.4-287fea8100fd89d633753334774d997a
/nix/store/v76kxbimbyp8byliln90m2dbk72km21q-ghc-7.10.1,21,text-1.2.0.4-287fea8100fd89d633753334774d997a
/nix/store/asapga0cj7brkljbfxhzm98p7jb4zrbx-ghc-7.10.1,22,text-1.2.0.4-287fea8100fd89d633753334774d997a
/nix/store/sl1cbpk7af86craf07wby3qhalvvrsp8-ghc-7.10.1,23,text-1.2.0.4-287fea8100fd89d633753334774d997a
/nix/store/lfbkvjh008bncz4jkcpvdg1l4gqibn6p-ghc-7.10.1,24,text-1.2.0.4-287fea8100fd89d633753334774d997a
/nix/store/gsf8aa4k56znslihrvavbf9zk5r1yvaa-ghc-7.10.1,25,text-1.2.0.4-287fea8100fd89d633753334774d997a
/nix/store/nl617maqh7h65al6ppqgk48x1s7md1va-ghc-7.10.1,26,text-1.2.0.4-287fea8100fd89d633753334774d997a
/nix/store/a8w0lrs6bn8aab0va24qi20jpmbjgxvn-ghc-7.10.1,27,text-1.2.0.4-287fea8100fd89d633753334774d997a
/nix/store/51dfzq2ra2ydzxj7rfq29pnzgfw7940h-ghc-7.10.1,28,text-1.2.0.4-287fea8100fd89d633753334774d997a
/nix/store/qh1113kf19pl452gqyaf0j5gfx0jyavl-ghc-7.10.1,29,text-1.2.0.4-287fea8100fd89d633753334774d997a
/nix/store/wrdm357n2h3gqfa2qnw6sc19jh7q84nj-ghc-7.10.1,30,text-1.2.0.4-287fea8100fd89d633753334774d997a
/nix/store/346qhj3spn8hmxdih3w2gr6fh81zssgs-ghc-7.10.1,31,text-1.2.0.4-287fea8100fd89d633753334774d997a
/nix/store/l5j2d5rk6pwxci26886m7l7xmybrsfnf-ghc-7.10.1,32,text-1.2.0.4-287fea8100fd89d633753334774d997a
/nix/store/dvnfyk2qyi8bsw4s6b1dgj1ac9ql8k2j-ghc-7.10.1,33,text-1.2.0.4-287fea8100fd89d633753334774d997a
/nix/store/9mqyazlxbsa7qdcmw57yhbdfqx33ldf6-ghc-7.10.1,34,text-1.2.0.4-287fea8100fd89d633753334774d997a
/nix/store/i49ahqy4fr1hwg43qmklf19qmkpdshkf-ghc-7.10.1,35,text-1.2.0.4-287fea8100fd89d633753334774d997a
/nix/store/9mpl7sapyix82sd8nzjx2s9sngg5pgc4-ghc-7.10.1,36,text-1.2.0.4-287fea8100fd89d633753334774d997a
/nix/store/34r362k5s791f2vwkhpfbi7a1yb9vsn3-ghc-7.10.1,37,text-1.2.0.4-287fea8100fd89d633753334774d997a
/nix/store/mwczg3f3r2d9211536lz9vvai3p9hfyg-ghc-7.10.1,38,text-1.2.0.4-287fea8100fd89d633753334774d997a
/nix/store/5sgyzfbzyh97bgnr24c0774hf6fjzwx0-ghc-7.10.1,39,text-1.2.0.4-287fea8100fd89d633753334774d997a
/nix/store/i9l6b014gsbaaj4a4rpbwz0lzhwcyq8k-ghc-7.10.1,40,text-1.2.0.4-287fea8100fd89d633753334774d997a
/nix/store/20519qdxsr478ihclr1rmrl8ndwl8j94-ghc-7.10.1,41,text-1.2.0.4-287fea8100fd89d633753334774d997a
/nix/store/y5rhgzjlh1zzzd75c2wc7lwdm77qi9my-ghc-7.10.1,42,text-1.2.0.4-287fea8100fd89d633753334774d997a
/nix/store/jk2ysm0k2wzzgxqn19kbldjjpaprk467-ghc-7.10.1,43,text-1.2.0.4-287fea8100fd89d633753334774d997a
/nix/store/xy7lk31gj2m4rgwc6wjis7qpza3p0p3v-ghc-7.10.1,44,text-1.2.0.4-287fea8100fd89d633753334774d997a
/nix/store/s38v7f5wmg5ddld54bki9fiavlz2r9px-ghc-7.10.1,45,text-1.2.0.4-287fea8100fd89d633753334774d997a
/nix/store/66ch4llbqi2m7i1yz4gysf7qimvc6bhb-ghc-7.10.1,46,text-1.2.0.4-287fea8100fd89d633753334774d997a
/nix/store/nzfwnc9xrv6sbpgkhvyklv4rr61pai9y-ghc-7.10.1,47,text-1.2.0.4-287fea8100fd89d633753334774d997a
/nix/store/w5js1gbaqjyfgh3x9nj7qsqn34b2g7kw-ghc-7.10.1,48,text-1.2.0.4-287fea8100fd89d633753334774d997a
/nix/store/jhwp7d18h8zjm35zyzg9i96aalhm5flf-ghc-7.10.1,49,text-1.2.0.4-287fea8100fd89d633753334774d997a
/nix/store/wfav2fwvdqw0frs1nv9b7w8ad4il4r9l-ghc-7.10.1,50,text-1.2.0.4-287fea8100fd89d633753334774d997a
/nix/store/0gkfd6vplnl3cgx44rw0rsvp3v1gp0ij-ghc-7.10.1,51,text-1.2.0.4-287fea8100fd89d633753334774d997a
/nix/store/ngr1a8pxxwwcz6hcj6f8sfg2qwzrfswj-ghc-7.10.1,52,text-1.2.0.4-287fea8100fd89d633753334774d997a
/nix/store/537awhpm8012blbzl6440pz2c4x41ps9-ghc-7.10.1,53,text-1.2.0.4-287fea8100fd89d633753334774d997a
/nix/store/4gw179h799nhycifig9bh40sh36vfmza-ghc-7.10.1,54,text-1.2.0.4-287fea8100fd89d633753334774d997a
/nix/store/xy7618y9zydqbvmidlyg4sq7k290szzp-ghc-7.10.1,55,text-1.2.0.4-287fea8100fd89d633753334774d997a
/nix/store/havmnz9kgfnc3skfrihkm7540c1498gm-ghc-7.10.1,56,text-1.2.0.4-287fea8100fd89d633753334774d997a
/nix/store/id2k6dczkv43jg28v6kwwmj6nbcaazm2-ghc-7.10.1,57,text-1.2.0.4-287fea8100fd89d633753334774d997a
/nix/store/fw3wpi4zzbg7yyc81rikagmzdqcgxxc8-ghc-7.10.1,58,text-1.2.0.4-287fea8100fd89d633753334774d997a
/nix/store/467sim2fhbgqyhhjbxl6f2lcvz3gpf1h-ghc-7.10.1,59,text-1.2.0.4-287fea8100fd89d633753334774d997a
/nix/store/nxbis96fyr3mqcya9d0pm3sjj85y89v5-ghc-7.10.1,60,text-1.2.0.4-287fea8100fd89d633753334774d997a
/nix/store/pyl2n490dcwacsrysni41brbqdnma8wd-ghc-7.10.1,61,text-1.2.0.4-287fea8100fd89d633753334774d997a
/nix/store/nk0054xkd847jwqhv6p2m27x65yvnnx9-ghc-7.10.1,62,text-1.2.0.4-287fea8100fd89d633753334774d997a
/nix/store/jzb2g1y9s4h5jihailh2pb3ib2ywmzr5-ghc-7.10.1,63,text-1.2.0.4-287fea8100fd89d633753334774d997a
/nix/store/7ywn43amhqf8pb89dsq5j4qldq8kh2wn-ghc-7.10.1,64,text-1.2.0.4-287fea8100fd89d633753334774d997a
/nix/store/ixjfr1mnrivjmva5spgwisv5kfywi998-ghc-7.10.1,65,text-1.2.0.4-287fea8100fd89d633753334774d997a
/nix/store/4kmpbhrjjpiywj34lnz26vk0lql1l55z-ghc-7.10.1,66,text-1.2.0.4-287fea8100fd89d633753334774d997a
/nix/store/vicb480p8hkjvxmj5g5rkq7diwhjpj99-ghc-7.10.1,67,text-1.2.0.4-287fea8100fd89d633753334774d997a
/nix/store/a2bq251gffd6xlprf21svzjya875764r-ghc-7.10.1,68,text-1.2.0.4-287fea8100fd89d633753334774d997a
/nix/store/f78d6p9m1z8f5vwf3mr4rwmr2mvzgn83-ghc-7.10.1,69,text-1.2.0.4-287fea8100fd89d633753334774d997a
/nix/store/g1pxbydg4s703lldfjn33150apzzsvp3-ghc-7.10.1,70,text-1.2.0.4-287fea8100fd89d633753334774d997a
/nix/store/hyghxxy9ckzhybprkdc972yh6fnj7hbp-ghc-7.10.1,71,text-1.2.0.4-287fea8100fd89d633753334774d997a
/nix/store/j12wmks2y64mglwsj6x8vsdz1k9pfj9h-ghc-7.10.1,72,text-1.2.0.4-287fea8100fd89d633753334774d997a
/nix/store/qczi54a24722bisik5h4x5cf9pixcpq2-ghc-7.10.1,73,text-1.2.0.4-287fea8100fd89d633753334774d997a
/nix/store/bqljn4n9hh4vcbqpbhyfy2s3mjpz618i-ghc-7.10.1,74,text-1.2.0.4-287fea8100fd89d633753334774d997a
/nix/store/kld5wigi2l54bm4dg51n29j5da9kz0bf-ghc-7.10.1,75,text-1.2.0.4-287fea8100fd89d633753334774d997a
/nix/store/1qpgv30zx5hy8gv3xi56nsyaf4iq6mk9-ghc-7.10.1,76,text-1.2.0.4-287fea8100fd89d633753334774d997a
/nix/store/r8gbkcr2s4y1b22awdwr6knsimv0pz0l-ghc-7.10.1,77,text-1.2.0.4-287fea8100fd89d633753334774d997a
/nix/store/g54jgkkwp40fbznjlkxi0vw2q3a4zjf1-ghc-7.10.1,78,text-1.2.0.4-287fea8100fd89d633753334774d997a
/nix/store/h66mr447dixini37zm8mlp2iw6dmmadl-ghc-7.10.1,79,text-1.2.0.4-287fea8100fd89d633753334774d997a
/nix/store/8szk9li0zn1lymz3sf9vd55ni2q05dwj-ghc-7.10.1,80,text-1.2.0.4-287fea8100fd89d633753334774d997a
/nix/store/jcssv5simfz5vf92j0a9vviik6z33rz3-ghc-7.10.1,81,text-1.2.0.4-287fea8100fd89d633753334774d997a
/nix/store/yj0sy449bcwv3640b1080bz2qkjl2g2c-ghc-7.10.1,82,text-1.2.0.4-287fea8100fd89d633753334774d997a
/nix/store/5697h0260nprxvmcvl0fh34f7zcnj01y-ghc-7.10.1,83,text-1.2.0.4-287fea8100fd89d633753334774d997a
/nix/store/6z9lrsibwsidzbfq0xfvczcvz1rsq4qh-ghc-7.10.1,84,text-1.2.0.4-287fea8100fd89d633753334774d997a
/nix/store/vh5qcwl1hpa2cg3xw3k2xmjr8lsxhf7b-ghc-7.10.1,85,text-1.2.0.4-287fea8100fd89d633753334774d997a
/nix/store/ik8kawiy4bjiwyfxq7almafl8r5icmba-ghc-7.10.1,86,text-1.2.0.4-287fea8100fd89d633753334774d997a
/nix/store/7n62vdma5imq9nbl2zk4laswps7bxc64-ghc-7.10.1,87,text-1.2.0.4-287fea8100fd89d633753334774d997a
/nix/store/z0m6b77hj6ifkk9l2xvvy7jw7cad13rj-ghc-7.10.1,88,text-1.2.0.4-287fea8100fd89d633753334774d997a
/nix/store/6p4z8d5nrxs1x6yk170d6pzb4ghnwwmy-ghc-7.10.1,89,text-1.2.0.4-287fea8100fd89d633753334774d997a
/nix/store/gypbr5h5ncksg21ax8ryab950kb48k84-ghc-7.10.1,90,text-1.2.0.4-287fea8100fd89d633753334774d997a
/nix/store/p1fh7vxxrfshnsvr5b1sgarmg7nzmnaj-ghc-7.10.1,91,text-1.2.0.4-287fea8100fd89d633753334774d997a
/nix/store/0y4m4f512k4ad7mhsl8ckcsv4s0wj0cg-ghc-7.10.1,92,text-1.2.0.4-287fea8100fd89d633753334774d997a
/nix/store/z4yxyb4vg7vlphlr6h16yydj64k1frli-ghc-7.10.1,93,text-1.2.0.4-287fea8100fd89d633753334774d997a
/nix/store/3x0d1r1mchpvwh6s3dgwaj2nv5r1k2l3-ghc-7.10.1,94,text-1.2.0.4-287fea8100fd89d633753334774d997a
/nix/store/jg2nwmff6m9yfhdkpsnby6ncj5hs0ys3-ghc-7.10.1,95,text-1.2.0.4-287fea8100fd89d633753334774d997a
/nix/store/mwl8l9vgwsng9pwpm9413538qv4smraa-ghc-7.10.1,96,text-1.2.0.4-287fea8100fd89d633753334774d997a
/nix/store/5cx6mwhlwmm5khd11w157xyg75jnvwqp-ghc-7.10.1,97,text-1.2.0.4-287fea8100fd89d633753334774d997a
/nix/store/w4xgnyn76rbw4fniv63jfhpa6ib9mj1h-ghc-7.10.1,98,text-1.2.0.4-287fea8100fd89d633753334774d997a
/nix/store/rnz712qvvxkzd9wlk1ykfk9dsjky4z90-ghc-7.10.1,99,text-1.2.0.4-287fea8100fd89d633753334774d997a
/nix/store/3nzp51c5kkfh62k7zy843ildr6p8v00x-ghc-7.10.1,100,text-1.2.0.4-287fea8100fd89d633753334774d997a
